Area / Lab,Desired utility / feature,Status,Usefulness,Difficulty,Fit / relevance,Current evidence,Notes
Core / Architecture,Assembly definitions per runtime/editor/lab/bridge,Partially implemented,Critical,High,Export/package safety,PungentFunk.Utilities.Runtime.asmdef; Editor/PungentFunk.Utilities.Editor.asmdef,"Bundle-level Runtime/Editor asmdefs exist. Per-lab asmdefs, optional bridge asmdefs, package manifests, and version-defined optional dependencies are still missing."
Core / Architecture,Bundled architecture/inventory documentation inside package,Partially implemented,High,Low,Documentation/release support,Documentation/Development contains active and Outdated docs; current zip includes older feature inventory files,"Documentation is included, but current source has grown to 181 scripts; replace older bundled snapshot/inventory documents with this updated audit set."
Core / Architecture,Cached editor-window type resolution,Fully implemented,High,Medium,Launcher stability/performance,PungentUtilityDescriptor.cs,Descriptor caches resolved window types and preserves OpenDirect compatibility.
Core / Architecture,Category colour coding in control panel,Fully implemented,Medium,Medium,UX navigation,PungentUtilityCategories.cs; UtilityWindowTheme category tints; Control Panel category filters,Category taxonomy and tint lookup are centralized.
Core / Architecture,Central utility registry,Fully implemented,Critical,Medium,Central launcher/discovery,Editor/Utilities Core/PungentUtilityRegistry.cs,Central registry currently registers 27 utility windows with lab/module/status metadata and related utility IDs. Asset Placement still also has a per-lab registrar that may duplicate/override the same id.
Core / Architecture,Centralized menu path constants and direct tool menu owner,Fully implemented,High,Low,Menu hygiene / release polish,PungentUtilityMenuPaths.cs; PungentUtilityToolMenus.cs,Direct menu entries are now owned centrally under Tools/Pungent rather than scattered window-by-window. Legacy aliases still need final curation.
Core / Architecture,Control Panel / lab browser,Partially implemented,Critical,Medium,Primary suite navigation,"PungentUtilityControlPanelWindow.cs, PungentUtilityCategories.cs, PungentUtilityRegistry.cs, PungentUtilityToolMenus.cs","Control Panel now has stronger category/lab organization, status metadata, related utility links, and recent/minimized utility flow. It still lacks full pinned/favourite lab workflows and per-utility documentation cards."
Core / Architecture,Core category taxonomy and tint service,Fully implemented,Medium,Low,Launcher organization / visual taxonomy,PungentUtilityCategories.cs,"Broad product categories, descriptions, sort order, compatibility normalization, and tint lookup are centralized."
Core / Architecture,Design Audit user-linkable documentation toolbar,Fully implemented,High,Medium,Project-specific documentation integration,PungentUtilityDocumentationLinks.cs; DocumentationLinkEditorPopup.cs; DrawDocumentationLinksToolbar in PungentUtilityDesignAuditWindow.cs,Fixed Open Design Bible/Open Inventory buttons were replaced by project-local documentation links. Toolbar is horizontal but not yet a dedicated scrollable control.
Core / Architecture,Design Validation Audit window,Fully implemented,Critical,Medium,Architecture QA gate,"PungentUtilityDesignAudit.cs, PungentUtilityDesignAuditWindow.cs","The audit window scans scripts, registry entries, menu taxonomy, namespaces, asmdefs, CreateAssetMenu roots, layout signals, performance markers, and bundled docs. Future work is configurable rules, user-linked documentation, and project adapter audit profiles."
Core / Architecture,Developer Mode toggle for extra design/package permissions,Fully implemented,High,Medium,Safe shipping / internal tooling boundary,Editor/Developer/PungentDeveloperMode.cs; PungentUtilityDesignAuditWindow.cs developer toggle,Developer Mode is gated by PUNGENTFUNK_INTERNAL_DEVTOOLS and includes a release-blocker warning for public package export.
Core / Architecture,Developer-only theme preset source generation,Fully implemented,High,High,Internal theme authoring,UtilityThemePresetSourceGenerator.cs; UtilityThemePresetSourceWriter.cs; UtilityThemePresetLibrary.Generated.cs,Generated preset source can be created/updated/removed from developer-only tooling behind PUNGENTFUNK_INTERNAL_DEVTOOLS.
Core / Architecture,Direct lab menu routing,Fully implemented,High,Low,Navigation,"PungentUtilityToolMenus.cs, PungentUtilityMenuPaths.cs, PungentUtilityLabs.cs",Direct tool/lab access is centralized under Tools/Pungent. Legacy aliases remain where compatibility is preserved.
Core / Architecture,Documentation buttons/cards on each utility tile,Partially implemented,High,Medium,Discoverability/support,PungentUtilityDocumentationLinks.cs; DocumentationLinkEditorPopup.cs; PungentUtilityDesignAuditWindow.cs,User-linkable documentation exists for the Design Validation Audit toolbar. Per-utility documentation buttons/cards in the Control Panel are still incomplete.
Core / Architecture,Documentation link storage and editor popup,Fully implemented,High,Medium,Project documentation integration,PungentUtilityDocumentationLinks.cs; DocumentationLinkEditorPopup.cs,Project-local documentation links can be added as asset links or external paths and opened from the audit toolbar.
Core / Architecture,Dry-run/preview/apply pattern for destructive workflows,Partially implemented,Critical,Medium,Safety,"Placement preview/apply, reference scanner, tuning copy, rename preview","Good in many tools, but not uniformly documented/standardised."
Core / Architecture,Editor GUIStyle session bridge,Partially implemented,High,High,Appearance/editor customization,PungentEditorGuiStyleBridge.cs; PungentEditorStyleExplorerWindow.cs,Session GUIStyle overrides and restoration exist. Requires careful safeguards because global editor styling can affect unrelated Unity panels.
Core / Architecture,Editor toolbar quick-launch/status integration,Yet to implement,Medium,Medium,Access surface / workflow speed,No Unity Toolbar/EditorToolbar integration found,"Design bible calls for toolbar quick launches, recent tools, active lab shortcuts, preview/debug toggles, and status indicators for frequent workflows."
Core / Architecture,Experimental global editor skin bridge,Partially implemented,High,Very High,Appearance/editor customization,PungentEditorSkinBridge.cs; PungentEditorSkinProfile.cs; PungentEditorSkinSelectorMap.cs; PungentEditorSkinUssGenerator.cs,USS generation and enable/disable flow exist. It remains experimental and needs visual compatibility testing across Unity versions/panels.
Core / Architecture,Inspector-embedded toolbars and Open in Lab actions,Partially implemented,High,Medium,Contextual access / authoring speed,"PungentNoteInspectorIntegration.cs, Audio/Profile custom editors, PungentSceneGizmoSourceEditor.cs, PungentColourPaletteSOEditor.cs",Inspector notes and several custom editors provide context actions. A standardized package-wide Open in Lab toolbar pattern is still not complete.
Core / Architecture,Keyboard shortcuts / command palette quick actions,Yet to implement,Medium,Medium,Power-user workflow,No Shortcut attributes or ShortcutManager usage found,"Design bible lists command-style actions such as open control panel/current lab, scan current selection, regenerate selected output, and toggle debug tools."
Core / Architecture,Lab descriptions/help text in launcher,Fully implemented,High,Low,Discoverability,"PungentUtilityLabs.GetDescription, PungentUtilityControlPanelWindow.cs",Standard lab descriptions exist and are surfaced by launcher/tooltips.
Core / Architecture,Lab-based package architecture: Core + standalone labs + bundle + project adapters,Partially implemented,Critical,High,Core release architecture,181 namespaced C# scripts; Runtime/Editor asmdefs; central registry; category/menu constants; bundled development docs,"Bundle-level architecture is now mature. Still missing per-lab package manifests, per-lab/bridge asmdefs, optional bridge packages, and project-adapter package structure."
Core / Architecture,Large-window panel/service/state split,Partially implemented,Critical,High,Maintainability,"Debug split files, PaletteDesigner* panels, AudioCoverage* scanners/models, ModularPathSpawnerEditorUtility.cs, ModularPathSpawnerEditorHooks.cs","Debug Control, Palette Designer, Audio Coverage, and Modular Path systems have been split/refactored. Several large windows remain above 1,000 lines, including Theme Customizer, generated preset library, Terrain Usage Scanner, and Audio Coverage Window."
Core / Architecture,Minimizer Tray: minimize floating utility panels into bottom-left tab headers,Partially implemented,High,High,Utility workflow / editor chrome,PungentUtilityMinimizer.BottomStripEnabled; ComputeTrayRect; PungentUtilityTrayWindow tab drawing,"Minimize/restore, popup list, and optional bottom-left tab strip are implemented in code. Needs in-Unity validation for docking edge cases, strip positioning, clipping, and whether every registered utility header exposes the minimize action consistently."
Core / Architecture,Namespace hardening,Fully implemented,Critical,High,Export safety,181/181 C# scripts declare namespaces,The previous namespace blocker is fully resolved in this archive.
Core / Architecture,Optional cross-lab bridge/degraded UI cards,Scaffolded,High,High,Standalone lab safety,RelatedUtilityIds in registry/control panel,"Related utility links exist, but optional bridge packages, missing-integration cards, and soft service lookup are not yet implemented."
Core / Architecture,Package status badges: Stable/Experimental/In Progress/Deprecated/Project Adapter,Fully implemented,High,Low,Release polish,"PungentUtilityPackageStatus.cs, PungentUtilityDescriptor.cs, PungentUtilityRegistry.cs, PungentUtilityControlPanelWindow.cs","Shared status constants/descriptions/tints/sort keys exist. Current central registry status counts: {'Stable': 12, 'InProgress': 2, 'Experimental': 13}."
Core / Architecture,Per-lab package manifests and standalone release metadata,Yet to implement,Critical,High,Asset Store / modular distribution,No package.json/manifests or per-lab asmdefs found,Required for independently releasable lab packages and optional bridge packages. Current package is bundle-oriented.
Core / Architecture,"Pinned tools, favourite labs, and resume-last-session workflows",Partially implemented,Medium,Medium,Launcher UX / workflow continuity,"PungentUtilityControlPanelWindow.cs, PungentUtilityMinimizer, UtilityWindowPrefs","Recent/minimized utility flows exist. Pinned tools, favourite labs, last active module per lab, and recently used asset resume are still not a unified feature."
Core / Architecture,PungentUtilityDescriptor metadata contract,Fully implemented,Critical,Medium,Central to every utility,Editor/Utilities Core/PungentUtilityDescriptor.cs,Descriptor now includes lab/module/status/related utility IDs and cached window type resolution.
Core / Architecture,Registry related-utility links,Fully implemented,High,Low,Cross-lab discoverability,"PungentUtilityDescriptor.RelatedUtilityIds, PungentUtilityRegistry.RelatedUtilities, Control Panel related tool buttons",Registry supports and displays related utilities. It does not yet imply optional bridge/package dependency management.
Core / Architecture,Release-readiness interpretation and next-pass brief generator,Fully implemented,High,Medium,Internal QA / update planning,PungentUtilityReleaseReadiness.cs; PungentUtilityDesignAuditWindow.cs,Design audit reports can be converted into prioritized gates and paste-ready next-pass brief text.
Core / Architecture,"Responsive small-window layouts, vertical scrolling, draggable shared borders",Partially implemented,High,Medium,UX quality,Theme resize handles; many scroll views,Several windows still have large min sizes or monolithic layouts.
Core / Architecture,Runtime/editor asmdef separation,Partially implemented,Critical,Medium,Export hardening,PungentFunk.Utilities.Runtime.asmdef; Editor/PungentFunk.Utilities.Editor.asmdef; 0 UnityEditor refs in runtime/shared scripts detected by text scan,The runtime/editor split is cleaner than the prior snapshot. Per-lab/bridge splits remain future work.
Core / Architecture,Scene View overlay integration for scene tools,Scaffolded,High,High,Scene workflow access surface,"PungentSceneHelpOverlay.cs, PungentNoteSceneOverlay.cs, scene GUI handlers, SupportsSceneOverlay metadata","Scene-related hooks and overlay-like GUI exist, but no formal Unity Overlay API classes were found."
Core / Architecture,Selection-aware and context-aware tool launch startup,Partially implemented,High,Medium,Workflow speed / user context,Context menus and selection-support metadata; several windows import current selection,Some tools seed from current selection or context menus. Not all utility windows detect and adapt to current selection/folder/asset type on open.
Core / Architecture,Shared UtilityWindowPrefs persistence,Fully implemented,High,Low,UX consistency,UtilityWindowPrefs.cs plus widespread preference usage,Shared EditorPrefs helper is stable and broadly used. Additional domain-specific session state still lives in individual tools where appropriate.
Core / Architecture,Shared UtilityWindowTheme visual system,Fully implemented,Critical,High,UX consistency,"UtilityWindowTheme.cs, UtilityWindowThemeCustomizer.cs",Most windows use it.
Core / Architecture,Shared editor performance/incremental queue helper,Partially implemented,High,Medium,Performance foundation,"PungentEditorPerformanceUtility.cs, PungentScan* infrastructure",Performance helper has expanded significantly. Adoption is not yet universal across all scanner and preview windows.
Core / Architecture,Shared scan/cache/performance infrastructure,Partially implemented,Critical,High,All scanner windows,"Editor/Utilities Core/Scanning/PungentScanCache.cs, PungentScanResult.cs, PungentScanSession.cs, PungentScanGUI.cs; audio scanners use PungentScanResult",Reusable scan infrastructure is implemented. Full migration across all scanner windows is still in progress.
Core / Architecture,Standard CreateAssetMenu root: PungentFunk Utilities/<Lab>/<Asset Type>,Fully implemented,High,Low,Professional polish,12 CreateAssetMenu declarations all use PungentFunk Utilities/... roots,"Former PungentFunk/Audio and Pungent Funk/Generation drift has been corrected. Some sublab labels can still be refined, but the root is consistent."
Core / Architecture,Standard Tools/Utilities menu policy,Partially implemented,High,Medium,Professional polish,PungentUtilityMenuPaths.Root = Tools/Pungent; PungentUtilityToolMenus.cs; legacy menu aliases remain,Primary public menu root has shifted to Tools/Pungent and is centralized. Legacy Tools/Utilities and old compatibility aliases remain in some files and should be curated before release.
Core / Architecture,TextMeshPro optional dependency isolation or asmdef declaration,Partially implemented,High,Medium,Compile safety / optional dependencies,FontPreviewWindow.cs uses #if TMP_PRESENT; PaletteApplyUtility uses reflection-style TMP handling; Editor asmdef has no versionDefines,"Compile-time TMP usage is guarded, reducing hard dependency risk. Add asmdef versionDefines or optional bridge packaging so TMP features become available automatically when TextMeshPro is installed."
Core / Architecture,Theme Recipe developer overwrite selected starter theme,Fully implemented,High,Medium,Theme authoring / developer tooling,UtilityWindowThemeCustomizer.PresetAuthoring.cs; UtilityThemePresetSourceWriter.cs,Developer-only warning panel can overwrite selected generated preset source with current theme values.
Core / Architecture,Theme preset add/remove/archive management with developer-only archived presets,Fully implemented,High,Medium,Theme authoring / release curation,UtilityWindowThemeCustomizer.PresetAuthoring.cs; UtilityThemePresetSourceWriter.cs; UtilityThemePresetLibrary.Generated.cs,"Developer tools can add generated presets, remove generated entries, and archive/unarchive presets using hiddenFromGallery metadata."
Core / Architecture,Theme presets include curated commercially redistributable fonts,Scaffolded,Medium,Medium,Appearance presets / release polish,UtilityThemePresetDefinition.FontHints; FontPreviewWindow.cs,"Preset font-hint metadata exists, but no redistributable font asset pack/licence workflow is present in this archive."
Core / Architecture,Tooltips and contextual enum descriptions for all fields,Partially implemented,High,Medium,Usability,Many GUIContent tooltips exist,Not universal; enum-specific help is inconsistent.
Core / Architecture,USS bridge text-style controls and Style Explorer font preset mapping,Partially implemented,High,High,Appearance Lab / editor skinning,PungentEditorStyleExplorerWindow.cs; PungentEditorTextRoleMap.cs; PungentEditorGuiStyleBridge.cs; PungentEditorSkinUssGenerator.cs,Style Explorer now exposes text-role mapping with USS and GUIStyle toggles per editor text target. It remains experimental and needs visual QA against hierarchy/inspector/font-size edge cases.
Core / Architecture,Undo/SetDirty safety for scene/asset modification,Partially implemented,Critical,Medium,Safety,"PlacementApplyUtility, palette changes, editor scanners",Present in many areas; needs package-wide audit.
Core / Architecture,Utility Tray / parked recent windows,Fully implemented,Medium,Medium,Workflow QoL,Editor/Utilities Core/Minimize Utilities/PungentUtilityTrayWindow.cs; PungentMinimizedUtilitiesButton.cs; PungentMinimizedUtilitiesPopupContent.cs,The old tray has been replaced/expanded into a minimized utilities popup and restore system with persisted entries.
Core / Architecture,Window appearance/theme customizer,Fully implemented,High,High,UX consistency,"UtilityWindowThemeCustomizer.cs, UtilityWindowTheme.cs, UtilityWindowPrefs.cs","Theme customizer includes built-in presets, generated/randomized themes, custom local preset save/update/delete, role colours, locks, and persistence. Developer-mode preset overwrites/archive workflow is separate future work."
Debug Lab,Debug Control Center window,Fully implemented,High,High,Debug utility product,"DebugControlWindow.cs shell plus DebugControlActionScheduler, ComponentPanel, DiscoveryService, RouterPanel, ReflectionUtility, WindowState",Debug Control Center has been split into maintainable support files. Monitor file sizes but the prior single-file blocker is resolved for this tool.
Debug Lab,Debug Router,Fully implemented,High,High,Debug signal backbone,Debug/DebugRouter.cs,Moved out of Editor folder and namespaced as runtime/shared debug infrastructure.
Debug Lab,Debug action scheduler,Fully implemented,Medium,High,Debug automation,"DebugControlActionModel.cs, DebugControlActionScheduler.cs",Dedicated scheduler model and executor/panel now exist.
Debug Lab,Debug channel/signal constants,Fully implemented,Medium,Low,Debug standardization,Debug/DebugChannels.cs,Moved out of Editor folder and namespaced under PungentFunk.Utilities.Debugging.
Debug Lab,Debug coverage reports via Project Audit optional hook,Yet to implement,Medium,Medium,Cross-lab enhancement,No bridge/report module found,Architecture bible lists this as optional hook.
Debug Lab,Debug signal relay to UnityEvents,Fully implemented,Medium,Low,Scene integration,Debug/DebugSignalRelay.cs,Moved out of Editor folder and namespaced as runtime/shared debug infrastructure.
Debug Lab,Reflected debug fields/static toggles/component state inspection,Fully implemented,High,High,Debug authoring,"DebugControlComponentPanel.cs, DebugControlDiscoveryService.cs, DebugControlReflectionUtility.cs",Feature is extracted from the monolith into service/panel files.
Debug Lab,Router panel reimplementation without serializedObject/targets OnSceneGUI issues,Fully implemented,High,Medium,Stability,DebugControlRouterPanel.cs,Router UI is now a dedicated panel file and no longer bundled only inside DebugControlWindow.
Asset Placement Lab,Area Scatter module,Partially implemented,Critical,High,Primary placement workflow,"AssetPlacementLabWindow.cs, PungentPlacementScatterUtility.cs",Preview/apply with several patterns exists; needs polish and lab-level integration with all planned rules.
Asset Placement Lab,Asset Placement Lab hub/window,Partially implemented,Critical,High,Placement lab core,Editor/Asset Placement Lab/AssetPlacementLabWindow.cs,Registered as In Progress and expanded to a 666-line lab hub; still missing planned surface brush/socket graph/cluster/drop/connector/bounds-fill modules.
Asset Placement Lab,Backtracking solver,Yet to implement,Medium,Very High,Advanced placement solving,No file found,Listed in planned shared utilities.
Asset Placement Lab,Bounds fill / room dressing,Yet to implement,High,Very High,Level-design automation,No room-dressing module found,Planned module.
Asset Placement Lab,Cluster growth placement,Yet to implement,Medium,High,Organic placement,No cluster module found,Planned module from implementation brief.
Asset Placement Lab,Colour Lab palette-driven prefab/material variation bridge,Yet to implement,Medium,High,Cross-lab enhancement,No bridge package found,Architecture bible recommends optional hook.
Asset Placement Lab,Connector / bridge placement,Yet to implement,Medium,High,Modular assembly,No connector module found,Planned module.
Asset Placement Lab,Grid / footprint placement module,Partially implemented,High,Medium,Manual assist,"AssetPlacementLabWindow GridFootprint module, GridUtility",Grid snapping and auto-footprint exist; not a complete grid placement/stamping workflow.
Asset Placement Lab,Heatmap / density-mask scatter,Partially implemented,High,Medium,Contextual placement,RuleSet heatmap fields + ScatterUtility,Texture heatmap sampling exists; no Texture Lab bridge or mask authoring workflow yet.
Asset Placement Lab,Modular path to placement-lab handoff,Partially implemented,High,Medium,Cross-tool scene workflow,PungentPlacementPathIntegrationUtility.cs; AssetPlacementLabWindow.OpenWithPath,Path sources can open/focus the placement lab and produce bounds/path previews. Needs full bridge UX polish.
Asset Placement Lab,Path placement / modular path generation,Partially implemented,High,High,Scene dressing/paths,PungentPlacementPathIntegrationUtility.cs; ModularPathSpawner.cs; ModularPathWindow.cs; AssetPlacementLabWindow ModularPath area mode,Asset Placement Lab can integrate with ModularPathSpawner for path bounds/preview. Still not a full standalone path placement solver inside Placement Lab.
Asset Placement Lab,Physics drop / settle placement,Yet to implement,Medium,High,Natural dressing workflow,No physics placement module found,Planned module.
Asset Placement Lab,Placement Group Manager,Partially implemented,High,Medium,Generated-scene maintenance,AssetPlacementLabWindow Group Manager; PungentPlacementGroupRepairUtility.cs,Group scan/adopt/delete/repair/revalidate/realign/source-prefab checks are implemented. Replace variations and deeper repair remain future work.
Asset Placement Lab,Placement asset set / weighted prefab catalogue,Fully implemented,Critical,Medium,Placement core,Asset Placement Lab/PungentPlacementAssetSetSO.cs,Namespaced under PungentFunk.Utilities.Placement with standard CreateAssetMenu root.
Asset Placement Lab,"Placement data models: context, candidate, result, footprint, marker, group",Fully implemented,Critical,Medium,Placement core,"PungentPlacementTypes.cs, PungentPlacedAssetMarker.cs, PungentPlacementGroup.cs",Core result/candidate flow exists.
Asset Placement Lab,Placement group repair utility,Partially implemented,High,Medium,Scene maintenance / placement lifecycle,PungentPlacementGroupRepairUtility.cs,"Adds revalidate, orphan marker removal, child selection, missing source prefab detection, source prefab replacement, and surface realignment helpers."
Asset Placement Lab,Placement overlap validator,Scaffolded,High,Medium,Placement rule quality,Overlap logic appears inside generation/rule flow,No separate PungentPlacementOverlapValidator file.
Asset Placement Lab,Placement preview utility,Scaffolded,High,Medium,UX/safety,Preview drawing and path preview remain inside AssetPlacementLabWindow/PungentPlacementPathIntegrationUtility,Preview logic exists but no standalone PungentPlacementPreviewUtility file was found.
Asset Placement Lab,Placement rule set / reusable surface rules,Partially implemented,Critical,Medium,Placement core,Asset Placement Lab/PungentPlacementRuleSetSO.cs,Core rule data exists and is namespaced; advanced contextual rules/repair modules still need expansion.
Asset Placement Lab,Placement socket marker,Partially implemented,High,Medium,Modular assembly foundation,PungentPlacementSocket.cs,Socket metadata exists.
Asset Placement Lab,Re-align existing placed objects,Partially implemented,High,Medium,Scene maintenance,PungentPlacementGroupRepairUtility.RealignSelectedMarkersToSurface; SurfaceAlignToolWindow,Selected marker realignment exists. A full batch re-align workflow for all generated groups remains incomplete.
Asset Placement Lab,Replace variations,Yet to implement,High,Medium,Scene iteration,No replacement module found,Planned scene-management category.
Asset Placement Lab,"Scatter patterns: random, min spacing, grid, jittered grid, hex, spiral, ring, line",Fully implemented,High,Medium,Scatter generation,"PungentPlacementScatterUtility.cs, PungentPlacementTypes.cs",Candidate generation exists.
Asset Placement Lab,Selection array placement,Yet to implement,Medium,Medium,Manual assist,No selection array module found,Listed as planned manual assist category.
Asset Placement Lab,Socket graph / modular tile placement,Scaffolded,High,Very High,Modular assembly,Socket component + validator only,Actual graph placement/solver not implemented.
Asset Placement Lab,Socket validator,Partially implemented,High,Medium,Modular assembly safety,PungentPlacementSocketValidator.cs,Validates selected sockets; not a full socket library validator/solver.
Asset Placement Lab,Stamp placement,Yet to implement,Medium,Medium,Manual assist,No stamp module found,Listed as planned manual assist category.
Asset Placement Lab,Surface brush placement,Partially implemented,High,High,Manual dressing workflow,PungentPlacementSurfaceBrushController.cs; AssetPlacementLabWindow SurfaceBrush module,Surface Brush module and scene GUI controller exist. Needs interactive Unity validation and broader brush/stamp feature depth.
Asset Placement Lab,Surface sampler utility,Scaffolded,High,Medium,Placement rule quality,Brush/path/scatter raycast sampling logic in placement files,"Sampling exists inline across placement modules, but no shared PungentPlacementSurfaceSampler utility exists yet."
Asset Placement Lab,Terrain scatter with terrain layers/context rules,Partially implemented,High,High,Level-design automation,RuleSet surface mask/height/slope,No terrain-layer material/category weighting system found.
Asset Placement Lab,Texture Lab density-mask bridge,Yet to implement,Medium,High,Cross-lab enhancement,Heatmap field only,No dedicated bridge or handoff workflow.
Asset Placement Lab,Validate asset set,Scaffolded,High,Medium,Authoring safety,AssetSetBuilder and asset set fields,No dedicated asset set validator beyond selection creation/metadata.
Asset Placement Lab,Validate socket library,Partially implemented,Medium,Medium,Authoring safety,SocketValidator,Selection validation exists; library-wide validation absent.
Scene Workflow Lab,Modular Path Builder window/editor/runtime spawner,Partially implemented,High,High,Path/modular assembly,"ModularPathSpawner.cs, ModularPathSpawnerEditorHooks.cs, ModularPathSpawnerEditorUtility.cs, ModularPathWindow.cs",Editor hooks/utility were split from runtime. ModularPathSpawner is still 873 lines and remains a split target.
Scene Workflow Lab,Modular Path editor/runtime split helpers,Partially implemented,High,Medium,Runtime/editor separation,ModularPathSpawnerEditorHooks.cs; ModularPathSpawnerEditorUtility.cs,Editor hooks and utility logic have moved out of the runtime spawner. The spawner remains large but runtime UnityEditor references are no longer detected by text scan.
Scene Workflow Lab,Path Authoring Toolkit,Partially implemented,High,Medium,Path helper foundation,PungentPathAuthoringToolkitWindow.cs,Handle/sampling concepts present; not fully consolidated with path placement.
Scene Workflow Lab,Scene Gizmo Browser,Partially implemented,High,Medium,Scene visualization management,PungentGizmoBrowserWindow.cs,Cached scanning was added; still uses SceneView.RepaintAll in places.
Scene Workflow Lab,Scene Gizmo Source component,Fully implemented,High,Medium,Scene visualization,PungentSceneGizmoSource.cs,Configurable gizmo rules and labels.
Scene Workflow Lab,Scene Gizmo Source custom inspector,Fully implemented,Medium,Medium,Authoring UX,PungentSceneGizmoSourceEditor.cs,Rule editing/templates/preview.
Scene Workflow Lab,Scene Help Overlay,Scaffolded,Medium,Low,Assistance UX,PungentSceneHelpOverlay.cs,Lightweight hook only.
Scene Workflow Lab,Scene Navigation window,Partially implemented,High,Medium,Scene authoring QoL,PungentSceneNavigationWindow.cs,Waypoints/tracking/focus appear present; prefs/splitters could be more consistent.
Scene Workflow Lab,Scene Workflow lab hub consolidation,Partially implemented,High,Medium,Navigation,Registry lab menu + individual windows,"Tools are grouped by registry, but no cohesive lab hub window beyond launcher filtering."
Scene Workflow Lab,Surface Align Tool / TerrainAlign compatibility,Partially implemented,High,Medium,Scene placement aid,TerrainAlignTool.cs,Functional and generic; legacy naming remains.
Colour Lab,Built-in Unity swatches/reference libraries,Yet to implement,Medium,Medium,Reference workflow,No standard library assets found,Mentioned in colour tool refinement.
Colour Lab,Colour blending A/B tone matrix and temperature bars,Yet to implement,Low,High,Advanced refinement,No blending section found,Prior Colour Inspector plan only.
Colour Lab,Colour palette asset,Fully implemented,High,Medium,Package architecture,Palette Designer/PungentColourPaletteSO.cs,Now uses namespace PungentFunk.Utilities.Colour and standard CreateAssetMenu root PungentFunk Utilities/Colour/Palette.
Colour Lab,Colour value modes: RGB/HSV/CMYK/LAB/Grayscale conversions,Fully implemented,High,Medium,Colour editing foundation,ColourConversionUtility.cs,Utility support exists.
Colour Lab,Contrast analysis / WCAG ratings,Fully implemented,High,Medium,Accessibility,"ColourContrastUtility.cs, PaletteAnalysisUtility.cs",Contrast pairs and ratings exist.
Colour Lab,Contrast checker matrix visual section,Scaffolded,Medium,Medium,Accessibility visualization,PaletteAnalysisUtility pair list,No matrix VisualElement/section as designed.
Colour Lab,Coolors-style organic palette generation,Partially implemented,High,High,Palette UX,PaletteDesignerWindow generation controls,Seed/harmony/ranges/contrast exist; weighted harmony mixer and richer contextual generation absent.
Colour Lab,Deficiency preview / colour blindness filters,Fully implemented,High,Medium,Accessibility,ColourDeficiencyPreviewUtility.cs + toolbar enum,Preview utility and UI selection exist.
Colour Lab,Dynamic filter sliders by selected colour mode,Partially implemented,High,Medium,Advanced filtering,PaletteDesignerWindow generation sliders + ColourConversionUtility,Mode conversion exists; full filter-mode panel from runtime design is not present.
Colour Lab,Filter influence scalar,Yet to implement,Medium,Low,Generation control,No filterInfluence field found,"Harmony influence exists, filter influence does not."
Colour Lab,Generated variant/base/extra swatch column model,Yet to implement,Medium,High,Advanced palette generation,No GeneratedPaletteVariant UXML/USS or runtime UI files found,"Current package uses IMGUI Palette Designer, not the later runtime/UI Toolkit structure."
Colour Lab,Gradient/tint tools,Yet to implement,Medium,Medium,Colour authoring,No dedicated gradient/tint tools found,Mentioned in advanced colour design list.
Colour Lab,Harmony Influence scalar,Fully implemented,Medium,Low,Generator tuning,"PaletteGenerationSettings.harmonyInfluence, UI slider",Present.
Colour Lab,Harmony rules: monochromatic/complementary/split/analogous/triadic/tetradic/square,Fully implemented,High,Medium,Palette theory,"ColourHarmonyUtility.cs, PaletteGenerationSettings.cs",Core harmony calculations exist.
Colour Lab,Import/export formats such as .aco,Yet to implement,Low,High,Interchange,No import/export parser found,Mentioned as aspirational feature.
Colour Lab,Include selected colour / include selected palette toggles during generation,Yet to implement,Medium,Medium,Generator workflow,No include selected/include palette fields found,Mentioned in later colour generator plan.
Colour Lab,Interactive weighted Harmony Mixer bar,Yet to implement,Medium,High,Advanced generation UI,No mixer UI classes found,"Mentioned as finalized design in prior colour work, not in current package."
Colour Lab,Multiple harmony types with priority/mixing ratios,Yet to implement,High,High,Advanced generation,No weighted mixer model found,Previously desired for advanced generator.
Colour Lab,Palette Designer main window,Partially implemented,Critical,High,Primary Colour Lab UI,"PaletteDesignerWindow.cs plus PaletteDesignerToolbar, SwatchGridPanel, GenerationPanel, SelectedSwatchPanel, AnalysisPanel, ApplyPanel, GUIUtility",Palette Designer has been modularized into panel files and the main window is much smaller than before. It still needs UX/generation-quality passes and remains IMGUI/editor-only.
Colour Lab,Palette Designer panel/service split,Partially implemented,High,Medium,Maintainability / UX refinement,PaletteDesignerAnalysisPanel.cs; PaletteDesignerApplyPanel.cs; PaletteDesignerGenerationPanel.cs; PaletteDesignerSelectedSwatchPanel.cs; PaletteDesignerSwatchGridPanel.cs; PaletteDesignerToolbar.cs,"Major panel extraction has occurred. Main window remains >1,000 lines and generation/UI polish remains pending."
Colour Lab,"Palette Refinements: harmony section, monochrome bar, tone matrices",Yet to implement,Medium,High,Advanced refinement UI,No refinement panel files found,Detailed UI structure from prior colour chats absent.
Colour Lab,Palette application to materials/renderers/UI/text/TMP-like targets,Partially implemented,High,High,Cross-scene application,PaletteApplyUtility.cs,Applies to selected targets and uses reflection for TMP-like text; still needs optional bridge/dependency documentation.
Colour Lab,Palette asset + swatch data model,Fully implemented,Critical,Medium,Colour Lab core,"PungentColourPaletteSO.cs, PaletteSwatch.cs",Palette storage and swatch metadata exist.
Colour Lab,Palette generation engine,Partially implemented,Critical,High,Palette creation,"PaletteGeneratorUtility.cs, PaletteGenerationSettings.cs, PaletteDesignerGenerationPanel.cs","Core engine remains, but generation diversity and harmony contrast still need subjective QA."
Colour Lab,Palette panel-first regeneration workflow with collapsed advanced generation options,Partially implemented,High,Medium,Palette Designer UX,PaletteDesignerSwatchGridPanel.cs; PaletteDesignerGenerationPanel.cs; PaletteDesignerToolbar.cs,Palette UI is split into swatch grid/generation/toolbar panels. Needs user testing against the requested palette-panel-first workflow and advanced affordance polish.
Colour Lab,Palette report card analysis,Partially implemented,High,Medium,Palette quality,PaletteAnalysisUtility.cs,Contrast/role/similarity diagnostics exist; not a full report-card UI/export.
Colour Lab,Palette roles and role-aware generation,Partially implemented,High,Medium,Design-system palette output,PaletteSwatchRole + generation role logic,Roles exist; role UI/ordering is basic compared with full desired system.
Colour Lab,Palette save/load/storage utility,Fully implemented,High,Medium,Palette workflow,PungentPaletteStorageUtility.cs,Load selected/save/save as/default paths exist.
Colour Lab,"Recognized standards: Pungent Library, AS 2700, FS 595, BS 381, RAL, ISCC-NBS, NCS, X11, Crayola, Resene, XKCD",Yet to implement,Medium,High,Reference workflow,No reference library datasets found,XKCD/reference standards not present in archive.
Colour Lab,Regenerate individual swatches,Fully implemented,High,Medium,Palette iteration,RegenerateSwatch flow,Disabled for locked swatches.
Colour Lab,Regenerate whole palette while preserving locked swatches,Fully implemented,High,Medium,Palette iteration,RegeneratePaletteUnlocked,Implemented.
Colour Lab,Right-click/context menu for swatches,Fully implemented,High,Medium,Palette iteration,PaletteDesignerWindow.ShowSwatchContextMenu,Lock/regenerate/duplicate/remove/copy actions present.
Colour Lab,Role-based ordering,Partially implemented,Medium,Medium,Palette management,SortSwatches and roles,Sorting exists; full role-first layout not complete.
Colour Lab,Runtime UI Toolkit Colour Inspector panels/UXML/USS,Yet to implement,Medium,Very High,Runtime tool product,No UXML/USS/controller files found,Current archive is IMGUI editor package.
Colour Lab,Scene colour tracker / global scene reference tracking,Yet to implement,Medium,High,Scene design workflow,No scene colour tracker/reference panel files,Mentioned in Colour Inspector planning.
Colour Lab,Sorting options UI,Fully implemented,Medium,Low,Palette management,PaletteDesignerWindow sort buttons,Hue/value/saturation/name-like controls appear present.
Colour Lab,Stronger harmony differentiation and generation diversity,Partially implemented,High,Medium,Palette generation quality,"PaletteGeneratorUtility.cs, ColourHarmonyUtility.cs","Core harmony modes exist, but current outputs reportedly remain too similar across harmony selections. Needs contrast/tone/temperature/role-aware generation improvements."
Colour Lab,Swatch locks,Fully implemented,High,Medium,Palette iteration,PaletteSwatch.locked + UI controls,Locking and locked-count UI exist.
Texture Lab,Density/stamp texture support for placement masks,Partially implemented,Medium,Medium,Texture/Placement bridge,Procedural settings include density maps; placement rule has heatmap,No direct handoff/bridge UI.
Texture Lab,Organic/pattern generation expansion,Partially implemented,Medium,High,Texture generation,ProceduralTextureGenerator.cs,Many pattern modes exist; future organic generators can build on this.
Texture Lab,Palette-to-texture/material-mask generation,Yet to implement,Medium,High,Colour/Texture bridge,No palette bridge found,Listed as future texture lab enhancement.
Texture Lab,Procedural Texture Lab window,Partially implemented,High,High,Texture Lab core,ProceduralTextureLabWindow.cs,Functional preview/generate/export; could still use lab split/docs/bridge polish.
Texture Lab,Procedural texture generator engine,Fully implemented,High,High,Texture generation core,ProceduralTextureGenerator.cs,Pattern/stamp/density/texture creation present.
Texture Lab,Procedural texture settings/runtime-safe model,Fully implemented,High,Medium,Texture generation core,ProceduralTextureSettings.cs,Serializable settings for patterns/stamps/grid/density/etc.
Texture Lab,Texture Array Baker window,Partially implemented,High,High,Asset pipeline,"TextureArrayBakerWindow.cs, TextureArrayBakerUtility.cs",Functional bake workflow; still in Asset menu category rather than Texture Lab menu.
Audio Lab,Audio Catalog Coverage scanner,Partially implemented,High,High,Audio authoring QA,"AudioCoverageWindow.cs plus AudioCoverageCatalogScanner.cs, AudioCoverageScanModels.cs",Catalog scan logic has been extracted. Runtime cue director/catalog remains future work.
Audio Lab,Audio Setup Coverage scanner,Partially implemented,High,High,Audio authoring QA,"AudioCoverageContextWindow.cs plus AudioCoverageContextScanner.cs, AudioCoverageScanModels.cs",Scanner logic has been extracted into a service/model split and can publish PungentScanResult entries. Window is still sizeable but less monolithic.
Audio Lab,Audio clip set asset,Fully implemented,High,Medium,Audio runtime core,Audio Coverage/AudioClipSetSO.cs,Now uses namespace PungentFunk.Utilities.Audio and standard CreateAssetMenu root PungentFunk Utilities/Audio/Clip Set.
Audio Lab,Audio coverage scanner service/model split,Partially implemented,High,Medium,Maintainability / scan infrastructure adoption,AudioCoverageCatalogScanner.cs; AudioCoverageContextScanner.cs; AudioCoverageScanModels.cs,Audio scan logic is now extracted from windows and can populate shared PungentScanResult models.
Audio Lab,Audio cue coverage module integrated with future director,Yet to implement,High,High,Coverage + runtime integration,Existing coverage windows only,Needs catalog/director model first.
Audio Lab,Audio material resolver for colliders/raycast hits/terrain,Fully implemented,High,High,Runtime surface audio,AudioMaterialResolver.cs,Collider/tag/terrain resolution helpers.
Audio Lab,Audio setup coverage profile,Partially implemented,High,High,Coverage validation,Audio Coverage/AudioCoverageProfileSO.cs,"Now uses standard CreateAssetMenu root. Generic profile exists, but some default cue examples may still need review."
Audio Lab,Contact audio router/source pooling/loop instances,Partially implemented,High,High,Runtime audio playback,"ContactAudioRouter.cs, ContactLoopInstance.cs",Core routing/loops exist; full director/catalog integration missing.
Audio Lab,Contact event classifier,Fully implemented,High,Medium,Runtime contact audio,ContactEventClassifier.cs,Classifies impacts/slide/scrape/etc.
Audio Lab,Generic AudioSource pool service,Scaffolded,Medium,Medium,Audio runtime service,ContactAudioRouter internal pooling,No standalone PungentAudioSourcePool file.
Audio Lab,Interaction matrix/profile system,Fully implemented,High,Medium,Runtime surface audio,"AudioInteractionMatrixSO.cs, AudioInteractionProfileSO.cs",Material-pair profile resolution exists.
Audio Lab,Mixer routing/default mixer setup utility,Yet to implement,Medium,Medium,Audio project setup,No mixer setup generator found,Mentioned in audio setup planning.
Audio Lab,Runtime audio cue catalog/director,Yet to implement,High,High,Audio runtime service,No PungentAudioCueCatalogSO/Director found,Future pass in implementation brief.
Audio Lab,Runtime audio hooks for cue playback,Yet to implement,Medium,High,Audio integration,No runtime hook classes found,Planned future audio lab expansion.
Audio Lab,Surface audio material definitions/library/tags,Fully implemented,High,Medium,Runtime surface audio,"AudioSurfaceMaterialSO.cs, AudioMaterialLibrarySO.cs, AudioMaterialTag.cs",Generic surface materials and tags exist.
Audio Lab,Terrain audio material profiles,Fully implemented,High,Medium,Terrain audio,"TerrainAudioMaterialProfileSO.cs, TerrainAudioProfileEditor.cs",Layer bindings and diagnostics exist.
Asset Preview & Export Lab,Colourway icon generation bridge,Yet to implement,Medium,High,Cross-lab enhancement,No Colour/Preview bridge found,Architecture bible optional hook.
Asset Preview & Export Lab,Font Preview,Partially implemented,Medium,Medium,Asset review,Editor/FontPreviewWindow.cs,"Font/TMP preview workflow exists, but FontPreviewWindow has a compile-time TMPro dependency while the Editor asmdef does not reference TextMeshPro. For standalone shipping, add the dependency explicitly or isolate TMP support in an optional bridge."
Asset Preview & Export Lab,Font licence classification / redistributable font packaging workflow,Yet to implement,Medium,Medium,Asset packaging / font curation,No font licence metadata or font builder workflow found,A previous font archive task required separating commercially redistributable fonts and preserving licence files. This could become a package-prep utility if kept generic.
Asset Preview & Export Lab,Prefab Asset Exporter,Partially implemented,High,High,Asset packaging,"PrefabAssetExporter.cs, PrefabAssetExporterWindow.cs",Copies/reuses prefab dependencies; needs release docs/safety validation.
Asset Preview & Export Lab,Prefab Icon Generator,Partially implemented,High,High,Asset presentation/export,PrefabIconGeneratorWindow.cs,Non-blocking preview/export exists; could use bridge polish.
Asset Preview & Export Lab,Preview/batch render helpers,Scaffolded,Medium,High,Future preview/export,PrefabIconGenerator jobs,No generic batch-render service/lab hub yet.
Project Audit & Authoring Lab,Batch-create assets from text/CSV/table input,Yet to implement,High,High,Authoring automation,No batch SO importer found,Future SO lab feature.
Project Audit & Authoring Lab,Bulk Rename,Partially implemented,High,Medium,Scene authoring productivity,BulkRenameWindow.cs,Preview/apply exists; legacy Tools/RenameTool alias remains.
Project Audit & Authoring Lab,Component Tuning Copy,Partially implemented,High,Medium,Authoring productivity,ComponentTuningCopyWindow.cs,Dry-run/copy modes; could use deeper docs and adapter recipes.
Project Audit & Authoring Lab,Coverage Matrix,Partially implemented,Medium,Medium,Authoring QA,PungentCoverageMatrixWindow.cs and shared scan models,Coverage matrix remains useful; still not a formal Visualization Lab widget.
Project Audit & Authoring Lab,Dependency previews for generated/validated assets,Yet to implement,Medium,High,Authoring safety,No dependency graph preview found,Could link with Visualization Lab.
Project Audit & Authoring Lab,Design-audit issue to note/backlog bridge,Fully implemented,High,Medium,Audit follow-up workflow,PungentNoteAuditIssueBridge.cs,Design audit issues can be converted into actionable notes/follow-ups.
Project Audit & Authoring Lab,Feature inventory/import to notes backlog,Partially implemented,High,High,Backlog migration / planning,PungentNoteInventoryImporter.cs; PungentNoteImportSources.cs; PungentNoteBacklogSeeder.cs,Curated seeds and import source tracking exist. Needs validation on current inventory CSV and duplicate handling workflow.
Project Audit & Authoring Lab,Future utility record model,Partially implemented,High,Medium,Roadmap tracking,PungentNoteModels.cs; PungentNoteBacklogSeedModels.cs,"Future utility records exist and can be linked to notes, utilities, status, priority, tags, and implementation status. Not yet integrated with registry descriptors as first-class future utilities."
Project Audit & Authoring Lab,Notes & Roadmap workspace,Partially implemented,Critical,High,"Planning, audit follow-up, feature backlog, documentation",PungentNotesRoadmapWindow.cs plus Notes subsystem files,"Large new workspace tracks notes, future utilities, status, priority, tags, linked utilities, audit issues, imports, and contextual targets. Needs user testing and documentation replacement."
Project Audit & Authoring Lab,Notes context menus and inspector integration,Partially implemented,High,Medium,Context-aware documentation,PungentNoteContextMenus.cs; PungentNoteInspectorIntegration.cs; PungentNoteContextResolver.cs,Asset/GameObject/property note creation and viewing are implemented. Needs broad inspector compatibility validation.
Project Audit & Authoring Lab,Notes scene overlay / surface display,Scaffolded,Medium,High,Scene documentation/annotations,PungentNoteSceneOverlay.cs; PungentNoteSurfaceGUI.cs,Overlay/surface GUI hooks exist but need formal overlay integration and usability testing.
Project Audit & Authoring Lab,Persistent notes database and storage,Fully implemented,High,Medium,Project metadata persistence,PungentNoteDatabase.cs; PungentNoteStorage.cs,Notes and future utility records persist under ProjectSettings/PungentFunkUtilities/NotesAndRoadmap.asset via ScriptableSingleton.
Project Audit & Authoring Lab,Persistent token database and bindings,Fully implemented,High,Medium,Text/content metadata validation,PungentTokenDatabase.cs; PungentTokenModels.cs; PungentTokenStorage.cs,"Tokens, bindings, archive/deprecate state, examples, allowed contexts, note links, audit issue links, and future utility links are persisted."
Project Audit & Authoring Lab,Reference Assignment Scanner,Partially implemented,High,High,Generic project QA,ReferenceAssignmentScannerWindow.cs,Strong tool; monolithic and uses broad scans/resources.
Project Audit & Authoring Lab,ScriptableObject generator profile/module base/folder routing,Yet to implement,High,High,SO-heavy project automation,No SO lab files found,Future high-value lab.
Project Audit & Authoring Lab,ScriptableObject validation rules/scanning/repair,Yet to implement,High,High,SO QA,No SO lab files found,"Should extract patterns, not game-specific ability/gacha tools."
Project Audit & Authoring Lab,Terrain Usage Scanner,Partially implemented,High,High,Generic project QA,TerrainUsageScannerWindow.cs,Strong tool; monolithic and scan/cache infra not shared.
Project Audit & Authoring Lab,Token Validator,Fully implemented,Medium,Medium,Text/content QA,"PungentTokenValidatorWindow.cs plus PungentTokenDatabase, Parser, Storage, ValidatorService, GUI, LinkPopup, ContextMenus","Token validation has expanded into a persistent token database, bindings, parser, notes validation, and context-linking workflow."
Project Audit & Authoring Lab,Token link popup and context menus,Fully implemented,Medium,Medium,Context-aware token authoring,PungentTokenContextMenus.cs; PungentTokenLinkPopup.cs; PungentTokenContextResolver.cs,Assets and GameObjects can be linked to tokens from context menus; popup exists for binding creation.
Project Audit & Authoring Lab,"Token parser, validator service, and usage scanning",Fully implemented,High,Medium,Text/content QA,PungentTokenParser.cs; PungentTokenValidatorService.cs,"Brace-token parsing, preview resolution, text validation, notes validation, definition validation, and binding validation are implemented."
Project Audit & Authoring Lab,Tooltip Notes Browser,Partially implemented,Medium,Medium,Documentation/authoring aid,PungentNotesRoadmapWindow.cs and Notes subsystem files; PungentTooltipNotesBrowserWindow.cs retained,"The old tooltip notes concept has expanded into a Notes & Roadmap workspace with storage, filtering, context menus, imports, audit links, and future utility records. Legacy Tooltip Notes Browser remains for compatibility."
Content Generation Lab,Generic token/text/content generation beyond names,Yet to implement,Medium,High,Future content tools,No broader generator framework found,Mentioned in future lab structure.
Content Generation Lab,MadLibNameList asset,Fully implemented,Medium,Medium,Content generation core,Name Generator/MadLibNameList.cs,Now uses namespace PungentFunk.Utilities.Content and standard CreateAssetMenu root PungentFunk Utilities/Content Generation/Mad-Lib Name List.
Content Generation Lab,Name Generator window,Partially implemented,Medium,Medium,Content generation UI,NameGeneratorWindow.cs,Functional but monolithic-ish; future content/token generation not present.
Content Generation Lab,Name presets assets,Fully implemented,Low,Low,Convenience content,Name Generator/Name Presets/*.asset,Boy/girl/nonbinary/community/last names present.
Content Generation Lab,NameList asset,Fully implemented,Medium,Low,Content generation core,Name Generator/NameList.cs,Now uses namespace PungentFunk.Utilities.Content and standard CreateAssetMenu root PungentFunk Utilities/Content Generation/Name List.
UI & Feedback Lab,Floating Text System,Yet to implement,Medium,Medium,Feedback runtime,No floating text files found,Planned future module.
UI & Feedback Lab,Generic progress/resource VisualElements,Yet to implement,Medium,Medium,Runtime UI widgets,No runtime visual elements found,Planned future item.
UI & Feedback Lab,Input prompt preview window/editor,Yet to implement,Medium,Medium,Authoring UX,Only auto-fill window exists,Planned UI lab expansion.
UI & Feedback Lab,InputPromptIconLibraryAutoFill editor tool,Partially implemented,High,Medium,Current UI lab seed,InputPromptIconLibraryAutoFill.cs,Editor-only populator exists; relies on serialized names rather than runtime model.
UI & Feedback Lab,Popup Notification System,Yet to implement,Medium,Medium,Feedback runtime,No popup notification files found,Planned future module.
UI & Feedback Lab,Radar/Spider Graph VisualElement,Yet to implement,Low,Medium,Visualization/UI widget,No VisualElement graph found,Planned future UI/Visualization item.
UI & Feedback Lab,Right-click Context Menu runtime/editor helper,Yet to implement,Medium,Medium,UI foundation,No generic context menu helper found,Planned future module.
UI & Feedback Lab,Runtime PungentInputPromptIconLibrary,Yet to implement,High,Medium,Input prompt runtime core,No runtime input prompt files found,Planned next UI lab start.
UI & Feedback Lab,Runtime input prompt resolver/token/presenter,Yet to implement,High,High,Input prompt runtime core,No resolver/token/presenter found,Should remain layout-agnostic and Input System optional/guarded.
UI & Feedback Lab,Tooltip Presenter,Yet to implement,Medium,Medium,Feedback runtime,Tooltip notes browser is editor-only,Runtime presenter absent.
UI & Feedback Lab,UI Animation Trigger/Profile system,Yet to implement,Medium,High,Feedback authoring,No animation profile files found,Planned future module.
UI & Feedback Lab,World Prompt Registry/Presenter,Yet to implement,Medium,High,Reusable interaction UI,No world prompt files found,Must avoid SkiGame quest/interaction dependencies.
Environment Simulation Lab,Cloth/Particle/WindZone wind adapters,Yet to implement,Medium,Medium,Unity integration,No wind adapter files found,Planned initial editor/runtime files.
Environment Simulation Lab,Environment Simulation Lab shell,Scaffolded,High,High,Future lab taxonomy,PungentUtilityLabs planned constants only,"Lab names/descriptions/sort keys exist in PungentUtilityLabs, but no runtime/editor implementation files for this lab yet."
Environment Simulation Lab,Environment debugger/preview window,Yet to implement,Medium,Medium,Authoring UX,No environment debugger found,Future module.
Environment Simulation Lab,Local environment volumes,Yet to implement,Medium,High,Scene simulation,No local volume files found,Future module.
Environment Simulation Lab,PungentWindController core,Yet to implement,High,High,Next new lab candidate,No Environment/Wind files found,Recommended next major non-placement suite.
Environment Simulation Lab,RenderSettings/URP/skybox/particle/cloud adapters,Yet to implement,Medium,Very High,Optional integrations,No environment adapters found,Must be optional/bridge-based.
Environment Simulation Lab,Surface condition broadcaster,Yet to implement,High,High,Placement/audio/gameplay bridge,No broadcaster files found,Future module.
Environment Simulation Lab,Time & Calendar core,Yet to implement,Medium,High,Reusable simulation service,No time/calendar files found,Planned later module.
Environment Simulation Lab,Weather preset system/transitions,Yet to implement,High,High,Reusable environment authoring,No weather preset files found,"Should use adapters, not old WeatherController directly."
Environment Simulation Lab,Wind Lab window/controller editor,Yet to implement,Medium,Medium,Authoring UX,No wind lab window/editor found,Planned initial editor files.
Environment Simulation Lab,Wind source/weather/time interfaces,Yet to implement,High,Medium,Adapter-friendly environment core,No IPungentWindSource/IPungentWeatherSource/IPungentTimeSource found,Planned in implementation brief.
Save & Settings Lab,Generic settings profile,Yet to implement,High,Medium,Runtime infrastructure,No settings profile/service files found,Future lab.
Save & Settings Lab,Input binding override storage,Yet to implement,High,Medium,Input/UI bridge,No binding storage found,Future lab; should remain generic.
Save & Settings Lab,JSON storage utility/versioning,Yet to implement,High,Medium,Persistence infrastructure,No JSON storage utility found,Future lab.
Save & Settings Lab,Save & Settings Lab shell,Scaffolded,High,High,Future lab taxonomy,PungentUtilityLabs planned constants only,"Lab names/descriptions/sort keys exist in PungentUtilityLabs, but no runtime/editor implementation files for this lab yet."
Save & Settings Lab,Save slot manifest/service,Yet to implement,Medium,High,Persistence infrastructure,No save slot service found,Future lab.
Save & Settings Lab,Settings service,Yet to implement,High,High,Runtime infrastructure,No settings service found,Future lab.
Action / Ability Authoring Lab,Action / Ability Authoring Lab shell,Scaffolded,High,High,Future lab taxonomy,PungentUtilityLabs planned constants only,"Lab names/descriptions/sort keys exist in PungentUtilityLabs, but no runtime/editor implementation files for this lab yet."
Action / Ability Authoring Lab,Action conditions/effects/targeting,Yet to implement,High,Very High,Future reusable gameplay authoring,No generic action condition/effect files found,Future lab.
Action / Ability Authoring Lab,Generic action sequence framework,Yet to implement,High,Very High,Future reusable gameplay authoring,No action framework files found,"Should be inspired by ability/hazard systems, not directly ported."
Action / Ability Authoring Lab,Generic projectile/status/hazard modules,Yet to implement,Medium,Very High,Future gameplay authoring,No modules found,Only if redesigned generically.
Combat Move Resolver Lab,MoveDefinition / MoveResolver / ComboState / StyleMeter / context flags,Yet to implement,Medium,High,Future action/trick/combat abstraction,No move resolver files found,Lower priority.
Appearance Lab,Appearance catalog validator,Yet to implement,Medium,Medium,Authoring QA,No validator found,Future authoring tool.
Appearance Lab,Generic appearance option assets/catalog,Yet to implement,Medium,High,Character/customization tooling,No appearance catalog files found,Could link to prefab icon generator and Colour Lab.
Appearance Lab,Wearable attachment/material-color options/option generator,Yet to implement,Medium,High,Customization authoring,No appearance generator files found,Keep shop/progression as project adapters.
Agent Simulation Lab,Agent Simulation Lab shell,Scaffolded,High,High,Future lab taxonomy,PungentUtilityLabs planned constants only,"Lab names/descriptions/sort keys exist in PungentUtilityLabs, but no runtime/editor implementation files for this lab yet."
Agent Simulation Lab,Generic needs/traits/emotions/interaction scoring,Yet to implement,Medium,Very High,Generic simulation tools,No agent/social files found,"Informed by NPC plans, not ported directly."
Agent Simulation Lab,Social group based generic NPC behaviour improvements,Yet to implement,Medium,Very High,Simulation/authoring,No social group files found,Prior SkiGame NPC work should remain project adapter/inspiration.
Agent Simulation Lab,Utility AI/state/evaluator framework,Yet to implement,Medium,Very High,Generic simulation tools,No agent files found,Must avoid direct NPC/dialogue/quest dependencies.
Visualization Lab,3D point cloud previews,Yet to implement,Low,High,Advanced visualization,No point cloud preview found,Future visualization idea.
Visualization Lab,Radar graphs,Yet to implement,Low,Medium,UI/visualization,No radar graph files found,Could serve UI Feedback Lab.
Visualization Lab,Reusable matrix/graph/heatmap/coverage visualizers,Scaffolded,High,High,Shared UI infrastructure,"CoverageMatrix, palette analysis, texture preview, placement heatmap concepts",No formal visualization lab/shared widget library yet.
Visualization Lab,Visualization Lab shell,Scaffolded,High,High,Future lab taxonomy,PungentUtilityLabs planned constants only,"Lab names/descriptions/sort keys exist in PungentUtilityLabs, but no runtime/editor implementation files for this lab yet."
